Company,Job Type,Posted Date,Salary
Mantys,Full-time,2/20/2023," 650,000 "
Meta,Full-time,8/23/2023," 336,500 "
AT&T,Full-time,6/18/2023," 255,830 "
Pinterest Job Advertisements,Full-time,12/5/2023," 232,423 "
Uclahealthcareers,Full-time,1/17/2023," 217,000 "
SmartAsset,Full-time,8/9/2023," 205,000 "
Inclusively,Full-time,12/7/2023," 189,309 "
Motional,Full-time,1/5/2023," 189,000 "
SmartAsset,Full-time,7/11/2023," 186,000 "
Get It Recruit - Information Technology,Full-time,6/9/2023," 184,000 "
